index,data
1,"[64, 74, 5, 65, 32, 35, 12, 1, 23, 10]"
2,"[21, 53, 7, 29, 60, 61, 55, 1, 34, 24]"
3,"[11, 78, 6, 77, 76, 49, 62, 74, 13, 40]"
4,"[51, 58, 21, 80, 20, 75, 44, 25, 4, 52]"
5,"[50, 62, 61, 56, 28, 44, 75, 65, 34, 35]"
6,"[6, 50, 27, 13, 68, 43, 20, 1, 80, 60]"
7,"[24, 31, 63, 2, 51, 77, 53, 26, 72, 69]"
8,"[16, 18, 1, 17, 65, 27, 29, 57, 78, 63]"
9,"[79, 28, 69, 16, 41, 49, 36, 62, 60, 35]"
10,"[66, 24, 63, 32, 38, 76, 20, 11, 48, 80]"
11,"[31, 13, 60, 28, 36, 22, 32, 33, 41, 7]"
12,"[30, 49, 32, 59, 4, 71, 23, 41, 39, 18]"
13,"[46, 22, 35, 21, 77, 27, 60, 41, 6, 2]"
14,"[42, 9, 33, 10, 52, 76, 58, 64, 78, 26]"
15,"[48, 65, 20, 51, 13, 12, 39, 25, 60, 18]"
16,"[53, 60, 62, 77, 12, 4, 31, 7, 43, 18]"
17,"[66, 56, 74, 45, 28, 61, 37, 62, 59, 44]"
18,"[34, 61, 14, 45, 79, 5, 47, 53, 41, 15]"
19,"[42, 5, 27, 57, 18, 66, 54, 46, 6, 45]"
20,"[6, 76, 32, 5, 67, 26, 41, 48, 23, 72]"
21,"[31, 73, 38, 14, 78, 2, 24, 57, 35, 58]"
22,"[30, 35, 40, 61, 69, 21, 29, 28, 71, 24]"
23,"[13, 4, 60, 19, 9, 63, 66, 57, 29, 65]"
24,"[22, 64, 32, 55, 63, 1, 65, 76, 69, 56]"
25,"[45, 31, 71, 27, 7, 56, 2, 16, 35, 42]"
26,"[72, 60, 9, 7, 23, 6, 78, 66, 42, 8]"
27,"[10, 67, 57, 6, 51, 38, 80, 7, 41, 70]"
28,"[79, 18, 22, 60, 63, 9, 52, 15, 25, 19]"
29,"[30, 75, 41, 63, 27, 60, 40, 1, 42, 67]"
30,"[77, 65, 59, 46, 19, 45, 17, 21, 61, 41]"
31,"[27, 21, 67, 9, 73, 56, 48, 31, 42, 24]"
32,"[44, 32, 20, 25, 14, 56, 10, 26, 40, 3]"
33,"[30, 57, 61, 66, 1, 17, 60, 28, 36, 15]"
34,"[17, 39, 26, 25, 37, 38, 44, 72, 54, 3]"
35,"[72, 64, 66, 77, 62, 63, 45, 44, 15, 69]"
36,"[56, 35, 13, 10, 32, 59, 57, 30, 55, 41]"
37,"[53, 18, 67, 37, 72, 11, 17, 45, 78, 55]"
38,"[25, 66, 17, 52, 11, 78, 7, 54, 45, 46]"
39,"[66, 10, 73, 18, 44, 33, 51, 3, 36, 14]"
40,"[41, 2, 26, 29, 21, 79, 32, 58, 77, 78]"
41,"[78, 41, 18, 7, 47, 45, 34, 35, 3, 56]"
42,"[30, 58, 5, 14, 68, 38, 72, 73, 28, 41]"
43,"[65, 36, 72, 31, 22, 59, 66, 14, 30, 73]"
44,"[51, 38, 58, 56, 18, 27, 6, 54, 57, 40]"
45,"[42, 45, 40, 55, 52, 38, 36, 3, 73, 20]"
46,"[66, 13, 17, 25, 4, 35, 10, 63, 44, 33]"
47,"[60, 15, 7, 68, 56, 58, 6, 62, 18, 27]"
48,"[1, 66, 38, 5, 20, 51, 44, 68, 29, 42]"
49,"[32, 41, 44, 6, 57, 40, 62, 8, 48, 69]"
50,"[17, 19, 74, 6, 50, 78, 23, 72, 68, 28]"
51,"[63, 68, 80, 36, 42, 1, 15, 10, 38, 43]"
52,"[45, 59, 80, 1, 77, 8, 68, 25, 72, 69]"
53,"[37, 72, 33, 48, 49, 32, 40, 27, 74, 2]"
54,"[55, 10, 40, 52, 22, 12, 80, 4, 66, 74]"
55,"[7, 60, 31, 53, 49, 9, 1, 37, 71, 74]"
56,"[57, 61, 28, 13, 66, 20, 29, 37, 42, 26]"
57,"[10, 25, 24, 66, 50, 19, 22, 78, 30, 34]"
58,"[45, 26, 64, 8, 79, 73, 44, 13, 33, 9]"
59,"[16, 10, 5, 80, 1, 3, 65, 20, 61, 17]"
60,"[4, 12, 30, 37, 49, 48, 59, 58, 77, 3]"
61,"[75, 59, 31, 19, 67, 18, 14, 42, 24, 78]"
62,"[65, 73, 63, 17, 23, 6, 64, 2, 61, 15]"
63,"[4, 15, 36, 39, 7, 33, 27, 34, 52, 65]"
64,"[9, 44, 26, 36, 28, 53, 5, 56, 29, 15]"
65,"[49, 58, 52, 74, 5, 24, 33, 80, 44, 68]"
66,"[32, 5, 43, 28, 51, 67, 69, 48, 65, 3]"
67,"[68, 51, 65, 2, 6, 11, 5, 25, 28, 66]"
68,"[28, 38, 2, 61, 34, 67, 73, 56, 70, 19]"
69,"[46, 23, 58, 48, 61, 9, 45, 52, 13, 54]"
70,"[72, 2, 68, 27, 63, 28, 62, 77, 59, 43]"
71,"[4, 69, 66, 47, 59, 22, 24, 62, 28, 25]"
72,"[78, 54, 29, 72, 5, 13, 19, 44, 66, 15]"
73,"[58, 7, 72, 22, 39, 54, 30, 55, 52, 79]"
74,"[56, 25, 44, 27, 52, 32, 28, 78, 2, 33]"
75,"[10, 29, 71, 36, 43, 11, 49, 35, 26, 39]"
76,"[61, 70, 67, 26, 71, 11, 46, 13, 10, 8]"
77,"[72, 2, 25, 20, 45, 42, 19, 51, 3, 76]"
78,"[21, 68, 50, 30, 19, 59, 51, 12, 35, 27]"
79,"[12, 75, 22, 43, 23, 36, 37, 64, 21, 56]"
80,"[23, 73, 25, 12, 62, 37, 61, 15, 5, 66]"
81,"[10, 9, 21, 66, 48, 54, 28, 62, 4, 37]"
82,"[68, 65, 1, 28, 25, 37, 44, 46, 73, 62]"
83,"[74, 25, 32, 68, 43, 1, 10, 38, 30, 37]"
84,"[75, 5, 78, 52, 38, 31, 68, 45, 50, 43]"
85,"[41, 72, 39, 35, 18, 9, 24, 16, 49, 66]"
86,"[58, 26, 13, 76, 54, 51, 63, 50, 64, 28]"
87,"[43, 30, 15, 72, 39, 66, 79, 55, 34, 54]"
88,"[57, 5, 27, 63, 35, 70, 1, 9, 55, 24]"
89,"[69, 56, 29, 17, 40, 54, 38, 9, 32, 11]"
90,"[21, 6, 15, 2, 39, 24, 9, 35, 31, 37]"
91,"[12, 8, 35, 27, 61, 40, 71, 53, 19, 36]"
92,"[23, 28, 6, 79, 4, 46, 17, 57, 12, 70]"
93,"[55, 13, 15, 69, 16, 80, 57, 48, 72, 73]"
94,"[38, 59, 17, 72, 28, 11, 50, 67, 10, 21]"
95,"[51, 4, 79, 50, 31, 11, 39, 59, 18, 67]"
96,"[36, 14, 27, 25, 80, 6, 59, 2, 61, 33]"
97,"[43, 55, 79, 45, 58, 68, 59, 64, 72, 33]"
98,"[79, 8, 16, 28, 67, 54, 56, 51, 49, 5]"
99,"[37, 48, 45, 64, 75, 36, 26, 5, 19, 21]"
100,"[14, 71, 72, 35, 46, 26, 39, 19, 63, 52]"
101,"[48, 2, 49, 64, 65, 14, 55, 76, 1, 47]"
102,"[67, 73, 51, 40, 48, 43, 57, 42, 27, 38]"
103,"[14, 30, 55, 57, 47, 66, 43, 45, 68, 20]"
104,"[52, 42, 50, 77, 64, 9, 47, 57, 33, 58]"
105,"[43, 71, 2, 49, 14, 70, 64, 18, 20, 61]"
106,"[11, 19, 1, 43, 76, 13, 45, 2, 64, 65]"
107,"[11, 79, 39, 50, 74, 69, 3, 32, 5, 70]"
108,"[37, 53, 18, 75, 57, 32, 11, 10, 74, 65]"
109,"[24, 11, 7, 69, 63, 66, 14, 16, 12, 56]"
110,"[71, 38, 61, 74, 72, 27, 32, 78, 70, 44]"
111,"[22, 43, 70, 64, 49, 17, 67, 46, 71, 57]"
112,"[75, 59, 3, 68, 51, 45, 65, 34, 27, 28]"
113,"[61, 17, 19, 74, 65, 29, 25, 13, 3, 62]"
114,"[55, 27, 73, 21, 8, 7, 46, 10, 77, 53]"
115,"[77, 74, 7, 20, 69, 48, 2, 68, 51, 15]"
116,"[69, 44, 3, 38, 26, 56, 4, 28, 24, 37]"
117,"[17, 32, 18, 30, 37, 15, 53, 43, 14, 64]"
118,"[67, 3, 32, 72, 49, 50, 11, 60, 4, 31]"
119,"[29, 9, 59, 4, 30, 10, 73, 17, 27, 58]"
120,"[40, 38, 12, 7, 49, 19, 29, 60, 22, 11]"
121,"[9, 4, 56, 38, 31, 70, 72, 21, 41, 20]"
122,"[26, 46, 15, 57, 37, 45, 72, 19, 33, 14]"
123,"[54, 46, 6, 75, 33, 79, 63, 80, 16, 59]"
124,"[25, 19, 69, 74, 12, 23, 80, 70, 32, 9]"
125,"[64, 53, 72, 69, 77, 36, 79, 76, 23, 25]"
126,"[23, 52, 79, 5, 26, 29, 61, 53, 28, 51]"
127,"[78, 66, 9, 73, 77, 5, 51, 42, 2, 48]"
128,"[52, 1, 20, 65, 14, 56, 11, 4, 35, 44]"
129,"[21, 4, 34, 12, 42, 62, 53, 52, 2, 8]"
130,"[6, 60, 68, 53, 14, 34, 22, 58, 67, 19]"
131,"[12, 5, 28, 80, 37, 24, 40, 3, 26, 35]"
132,"[27, 12, 16, 1, 49, 80, 56, 64, 31, 18]"
133,"[43, 17, 30, 41, 33, 50, 42, 34, 72, 77]"
134,"[32, 51, 75, 18, 42, 24, 50, 43, 30, 54]"
135,"[57, 58, 50, 26, 80, 17, 43, 35, 69, 25]"
136,"[17, 48, 13, 37, 29, 31, 7, 41, 23, 51]"
137,"[58, 12, 20, 55, 36, 21, 63, 22, 4, 59]"
138,"[64, 12, 1, 16, 32, 71, 7, 17, 56, 41]"
139,"[36, 55, 76, 51, 48, 6, 29, 34, 25, 5]"
140,"[37, 5, 66, 72, 74, 54, 10, 13, 75, 31]"
141,"[12, 52, 4, 73, 55, 36, 24, 14, 20, 28]"
142,"[8, 17, 19, 54, 5, 27, 35, 21, 9, 11]"
143,"[75, 18, 29, 11, 52, 80, 24, 4, 3, 56]"
144,"[28, 31, 65, 22, 21, 75, 32, 80, 34, 55]"
145,"[18, 76, 15, 26, 48, 69, 80, 4, 43, 28]"
146,"[35, 52, 20, 25, 73, 39, 13, 32, 64, 28]"
147,"[63, 72, 66, 13, 32, 20, 49, 17, 76, 6]"
148,"[67, 4, 21, 68, 35, 80, 29, 52, 23, 11]"
149,"[35, 28, 71, 21, 23, 68, 77, 30, 20, 32]"
150,"[16, 7, 71, 79, 37, 10, 38, 39, 64, 13]"
151,"[57, 53, 32, 41, 40, 39, 63, 61, 4, 9]"
152,"[41, 18, 27, 78, 54, 30, 51, 38, 72, 10]"
153,"[64, 71, 11, 67, 32, 34, 80, 65, 6, 33]"
154,"[9, 14, 18, 68, 47, 66, 50, 43, 16, 25]"
155,"[56, 49, 62, 79, 59, 39, 13, 7, 21, 40]"
156,"[18, 30, 49, 47, 50, 4, 16, 74, 34, 33]"
157,"[11, 5, 67, 77, 16, 43, 70, 57, 52, 24]"
158,"[57, 40, 41, 8, 23, 48, 63, 16, 2, 80]"
159,"[64, 43, 19, 71, 5, 80, 40, 48, 49, 9]"
160,"[43, 80, 10, 8, 68, 48, 69, 53, 38, 34]"
161,"[78, 67, 65, 55, 76, 13, 68, 54, 64, 61]"
162,"[76, 12, 20, 58, 68, 61, 8, 35, 19, 52]"
163,"[80, 45, 19, 56, 32, 14, 37, 8, 36, 74]"
164,"[56, 63, 50, 24, 65, 74, 23, 43, 62, 33]"
165,"[65, 21, 41, 72, 15, 23, 3, 48, 75, 79]"
166,"[43, 76, 59, 50, 53, 51, 38, 25, 32, 18]"
167,"[19, 60, 48, 63, 36, 25, 17, 41, 47, 61]"
168,"[79, 24, 59, 36, 6, 66, 25, 60, 73, 21]"
169,"[31, 66, 11, 10, 51, 8, 36, 9, 39, 49]"
170,"[58, 36, 1, 46, 60, 69, 10, 47, 66, 44]"
171,"[31, 37, 50, 66, 47, 26, 19, 30, 29, 74]"
172,"[60, 61, 2, 36, 20, 47, 29, 32, 11, 16]"
173,"[44, 57, 1, 75, 34, 33, 2, 55, 11, 18]"
174,"[52, 47, 60, 58, 74, 26, 61, 38, 62, 12]"
175,"[73, 71, 28, 64, 1, 70, 33, 54, 43, 19]"
176,"[9, 49, 48, 56, 23, 11, 36, 69, 12, 64]"
177,"[39, 7, 56, 8, 77, 49, 4, 29, 37, 15]"
178,"[62, 2, 20, 65, 14, 68, 66, 74, 64, 59]"
179,"[15, 52, 25, 67, 3, 32, 33, 7, 17, 11]"
180,"[47, 71, 16, 24, 18, 15, 28, 66, 46, 8]"
181,"[4, 24, 69, 38, 8, 39, 64, 67, 33, 14]"
182,"[33, 36, 3, 29, 37, 21, 51, 11, 72, 17]"
183,"[1, 5, 37, 8, 77, 48, 32, 2, 39, 72]"
184,"[79, 21, 39, 63, 48, 19, 54, 67, 64, 3]"
185,"[41, 37, 55, 3, 6, 14, 34, 76, 43, 30]"
186,"[70, 7, 66, 17, 16, 42, 26, 55, 18, 46]"
187,"[79, 23, 22, 56, 34, 44, 43, 19, 25, 51]"
188,"[8, 14, 37, 33, 35, 31, 73, 47, 79, 28]"
189,"[19, 50, 63, 51, 80, 18, 24, 60, 72, 17]"
190,"[75, 43, 40, 61, 33, 56, 62, 23, 38, 49]"
191,"[29, 7, 46, 53, 22, 44, 12, 26, 36, 62]"
192,"[74, 72, 65, 19, 46, 64, 68, 37, 2, 17]"
193,"[16, 49, 63, 41, 71, 65, 60, 50, 21, 17]"
194,"[41, 31, 23, 15, 13, 72, 3, 37, 74, 7]"
195,"[27, 42, 18, 73, 38, 3, 54, 22, 43, 19]"
196,"[68, 58, 29, 77, 53, 75, 62, 69, 5, 2]"
197,"[40, 31, 17, 61, 51, 15, 59, 47, 57, 52]"
198,"[51, 73, 39, 74, 66, 12, 29, 17, 38, 70]"
199,"[38, 40, 24, 80, 45, 72, 66, 7, 74, 34]"
200,"[61, 79, 29, 54, 56, 39, 32, 25, 62, 76]"
201,"[74, 14, 66, 30, 52, 56, 65, 77, 49, 72]"
202,"[71, 43, 72, 44, 17, 25, 9, 16, 42, 21]"
203,"[20, 4, 18, 10, 60, 57, 64, 44, 29, 1]"
204,"[75, 54, 63, 21, 46, 41, 58, 53, 66, 3]"
205,"[25, 15, 42, 51, 45, 78, 76, 73, 34, 68]"
206,"[3, 61, 39, 80, 53, 68, 26, 74, 69, 19]"
207,"[78, 46, 38, 35, 6, 36, 40, 60, 55, 45]"
208,"[36, 53, 29, 51, 21, 26, 62, 76, 61, 10]"
209,"[54, 6, 62, 23, 47, 69, 74, 30, 55, 71]"
210,"[68, 69, 22, 77, 44, 7, 70, 28, 15, 79]"
211,"[38, 63, 20, 55, 3, 13, 2, 48, 37, 22]"
212,"[66, 72, 3, 37, 40, 19, 52, 48, 33, 35]"
213,"[22, 25, 9, 21, 40, 17, 36, 29, 30, 63]"
214,"[33, 71, 36, 40, 44, 52, 3, 31, 62, 6]"
215,"[71, 32, 28, 67, 1, 30, 20, 19, 7, 49]"
216,"[13, 62, 2, 20, 76, 34, 46, 31, 78, 68]"
217,"[63, 74, 45, 70, 35, 8, 79, 12, 48, 22]"
218,"[61, 26, 2, 48, 41, 4, 43, 45, 21, 77]"
219,"[57, 4, 45, 34, 72, 79, 36, 66, 77, 59]"
220,"[80, 32, 43, 4, 50, 77, 16, 46, 42, 69]"
221,"[1, 75, 40, 9, 76, 49, 45, 17, 28, 42]"
222,"[46, 39, 9, 40, 20, 56, 14, 77, 4, 72]"
223,"[35, 74, 67, 46, 55, 69, 34, 54, 57, 36]"
224,"[71, 10, 65, 67, 76, 78, 60, 61, 11, 40]"
225,"[12, 54, 2, 7, 44, 66, 3, 70, 20, 45]"
226,"[78, 66, 77, 57, 5, 35, 69, 30, 38, 59]"
227,"[76, 58, 37, 22, 70, 56, 35, 18, 61, 80]"
228,"[79, 71, 74, 29, 18, 36, 34, 30, 27, 11]"
229,"[70, 26, 2, 63, 37, 33, 9, 57, 15, 3]"
230,"[70, 47, 2, 42, 44, 14, 15, 13, 20, 48]"
231,"[23, 8, 31, 79, 76, 32, 47, 9, 63, 73]"
232,"[36, 54, 71, 35, 24, 17, 10, 33, 4, 67]"
233,"[75, 77, 63, 12, 67, 11, 13, 52, 33, 54]"
234,"[37, 29, 36, 42, 68, 49, 70, 19, 51, 54]"
235,"[67, 23, 46, 43, 79, 59, 80, 34, 65, 12]"
236,"[8, 42, 37, 14, 23, 22, 40, 30, 48, 1]"
237,"[55, 16, 75, 10, 46, 12, 79, 49, 9, 77]"
238,"[57, 65, 18, 26, 50, 8, 15, 5, 35, 38]"
239,"[36, 11, 37, 31, 20, 42, 13, 64, 23, 75]"
240,"[79, 27, 35, 68, 80, 3, 22, 45, 73, 19]"
241,"[20, 78, 65, 30, 1, 56, 2, 28, 48, 68]"
242,"[3, 31, 77, 34, 22, 74, 46, 42, 44, 52]"
243,"[65, 71, 18, 26, 62, 33, 41, 37, 15, 60]"
244,"[23, 71, 45, 52, 40, 20, 9, 21, 4, 5]"
245,"[80, 36, 11, 26, 17, 53, 68, 30, 51, 12]"
246,"[61, 27, 18, 73, 16, 3, 13, 30, 49, 70]"
247,"[33, 8, 70, 12, 51, 49, 2, 76, 72, 15]"
248,"[6, 52, 25, 39, 58, 80, 75, 76, 41, 67]"
249,"[32, 41, 40, 60, 33, 66, 79, 29, 15, 14]"
250,"[23, 3, 20, 57, 64, 21, 79, 18, 32, 80]"
251,"[39, 55, 22, 27, 69, 47, 45, 72, 4, 42]"
252,"[7, 37, 29, 59, 23, 25, 56, 24, 60, 76]"
253,"[47, 62, 9, 24, 74, 12, 3, 22, 58, 26]"
254,"[55, 46, 31, 62, 3, 41, 35, 72, 45, 33]"
255,"[5, 15, 46, 75, 27, 28, 54, 20, 44, 37]"
256,"[65, 29, 74, 3, 21, 72, 23, 18, 45, 42]"
257,"[34, 48, 40, 7, 59, 51, 60, 55, 1, 31]"
258,"[2, 57, 65, 66, 41, 51, 1, 28, 76, 73]"
259,"[66, 77, 22, 6, 78, 16, 19, 41, 15, 32]"
260,"[14, 67, 19, 9, 61, 7, 12, 39, 74, 35]"
261,"[40, 26, 3, 66, 73, 72, 42, 60, 79, 70]"
262,"[74, 49, 78, 57, 51, 26, 59, 55, 56, 25]"
263,"[17, 9, 59, 38, 63, 40, 35, 77, 24, 29]"
264,"[1, 19, 36, 61, 37, 45, 57, 31, 39, 77]"
265,"[10, 24, 29, 26, 48, 45, 43, 3, 19, 70]"
266,"[61, 71, 69, 12, 47, 2, 59, 11, 7, 5]"
267,"[53, 70, 71, 14, 59, 23, 34, 8, 61, 42]"
268,"[42, 52, 62, 55, 13, 65, 73, 75, 68, 49]"
269,"[23, 26, 24, 13, 8, 65, 57, 18, 19, 28]"
270,"[57, 31, 51, 8, 14, 38, 55, 61, 75, 30]"
271,"[55, 65, 78, 4, 58, 24, 79, 10, 8, 3]"
272,"[50, 76, 66, 68, 51, 42, 11, 75, 34, 52]"
273,"[57, 56, 49, 28, 60, 70, 32, 1, 11, 19]"
274,"[38, 13, 2, 1, 70, 73, 76, 80, 8, 5]"
275,"[28, 64, 16, 30, 78, 76, 21, 71, 69, 66]"
276,"[3, 37, 57, 77, 16, 44, 79, 27, 36, 60]"
277,"[78, 76, 27, 72, 39, 34, 5, 37, 65, 66]"
278,"[65, 11, 53, 44, 10, 4, 54, 78, 3, 74]"
279,"[65, 64, 2, 77, 42, 53, 75, 16, 78, 60]"
280,"[48, 6, 47, 17, 79, 57, 12, 74, 43, 60]"
281,"[79, 77, 36, 80, 41, 58, 22, 55, 24, 70]"
282,"[77, 10, 52, 79, 23, 61, 8, 41, 60, 32]"
283,"[71, 54, 51, 3, 62, 55, 49, 64, 44, 40]"
284,"[40, 77, 43, 17, 74, 41, 13, 51, 72, 44]"
285,"[56, 34, 5, 7, 30, 77, 33, 50, 64, 69]"
286,"[19, 61, 17, 68, 44, 70, 5, 49, 31, 39]"
287,"[29, 78, 52, 71, 30, 12, 70, 14, 24, 16]"
288,"[27, 67, 65, 77, 20, 76, 51, 33, 30, 25]"
289,"[17, 12, 27, 63, 41, 2, 46, 44, 48, 40]"
290,"[59, 80, 57, 73, 27, 13, 55, 19, 69, 36]"
291,"[30, 72, 16, 55, 76, 33, 48, 29, 12, 57]"
292,"[2, 30, 59, 28, 80, 64, 70, 44, 22, 1]"
293,"[49, 34, 11, 15, 7, 62, 44, 35, 51, 79]"
294,"[21, 52, 13, 41, 11, 1, 26, 45, 5, 29]"
295,"[78, 64, 38, 58, 49, 8, 44, 4, 73, 55]"
296,"[22, 67, 34, 76, 54, 74, 15, 66, 46, 38]"
297,"[44, 4, 31, 55, 6, 26, 51, 57, 16, 72]"
298,"[62, 8, 37, 72, 21, 7, 5, 70, 54, 47]"
299,"[35, 49, 3, 43, 45, 59, 67, 47, 61, 36]"
300,"[46, 41, 34, 63, 24, 45, 4, 40, 18, 3]"
301,"[27, 48, 51, 49, 47, 37, 45, 67, 7, 57]"
302,"[7, 39, 61, 75, 49, 16, 63, 34, 27, 28]"
303,"[71, 49, 46, 51, 65, 58, 57, 25, 10, 61]"
304,"[48, 17, 65, 16, 28, 29, 59, 14, 53, 54]"
305,"[44, 31, 69, 14, 53, 11, 25, 76, 37, 63]"
306,"[17, 10, 61, 8, 11, 44, 48, 31, 55, 72]"
307,"[72, 46, 57, 62, 60, 16, 5, 33, 61, 1]"
308,"[45, 67, 11, 19, 32, 70, 44, 2, 62, 54]"
309,"[51, 73, 69, 80, 12, 50, 30, 2, 56, 35]"
310,"[37, 31, 76, 14, 67, 48, 72, 56, 1, 77]"
311,"[57, 7, 69, 65, 18, 27, 26, 58, 36, 37]"
312,"[36, 4, 76, 51, 30, 69, 64, 52, 72, 77]"
313,"[55, 3, 29, 46, 8, 7, 65, 33, 15, 78]"
314,"[50, 63, 6, 3, 79, 30, 1, 60, 4, 48]"
315,"[43, 44, 74, 63, 58, 2, 17, 64, 35, 24]"
316,"[50, 75, 45, 66, 44, 6, 32, 73, 19, 76]"
317,"[30, 53, 46, 55, 14, 10, 47, 31, 29, 59]"
318,"[59, 64, 55, 22, 46, 23, 24, 2, 39, 72]"
319,"[29, 25, 75, 18, 31, 76, 46, 40, 27, 37]"
320,"[62, 6, 32, 46, 17, 47, 37, 12, 14, 13]"
321,"[62, 44, 10, 16, 29, 3, 57, 2, 69, 13]"
322,"[80, 49, 76, 72, 67, 17, 78, 15, 46, 2]"
323,"[36, 59, 66, 37, 60, 51, 34, 48, 31, 27]"
324,"[49, 39, 69, 24, 71, 36, 77, 17, 34, 47]"
325,"[12, 15, 35, 8, 34, 77, 56, 55, 25, 60]"
326,"[54, 43, 62, 49, 35, 71, 65, 30, 55, 9]"
327,"[40, 54, 71, 73, 57, 63, 41, 43, 65, 3]"
328,"[13, 4, 64, 58, 69, 3, 41, 37, 68, 65]"
329,"[78, 31, 2, 16, 80, 4, 63, 17, 65, 45]"
330,"[57, 11, 22, 60, 30, 75, 73, 67, 5, 31]"
331,"[48, 80, 56, 12, 60, 5, 29, 67, 32, 24]"
332,"[3, 58, 15, 38, 74, 27, 2, 1, 30, 10]"
333,"[31, 66, 53, 24, 27, 47, 30, 12, 68, 61]"
334,"[33, 51, 63, 27, 56, 37, 29, 10, 59, 74]"
335,"[15, 26, 77, 50, 6, 38, 11, 65, 21, 69]"
336,"[70, 47, 36, 37, 9, 79, 61, 75, 21, 20]"
337,"[3, 21, 8, 53, 79, 10, 7, 74, 6, 31]"
338,"[64, 33, 75, 15, 59, 50, 11, 51, 53, 2]"
339,"[47, 5, 46, 52, 48, 51, 63, 65, 71, 17]"
340,"[18, 54, 60, 24, 74, 63, 35, 47, 8, 68]"
341,"[34, 32, 38, 51, 25, 80, 59, 43, 62, 42]"
342,"[36, 37, 66, 39, 8, 32, 35, 63, 54, 41]"
343,"[75, 70, 30, 56, 36, 31, 29, 12, 24, 60]"
344,"[63, 4, 33, 6, 72, 51, 19, 58, 16, 1]"
345,"[63, 42, 28, 59, 24, 1, 41, 37, 33, 57]"
346,"[54, 4, 61, 70, 32, 30, 38, 67, 9, 58]"
347,"[34, 41, 65, 46, 14, 33, 26, 57, 11, 2]"
348,"[12, 7, 34, 61, 66, 51, 46, 70, 38, 13]"
349,"[11, 71, 79, 57, 77, 49, 69, 62, 13, 17]"
350,"[9, 65, 67, 70, 14, 11, 46, 24, 48, 68]"
351,"[21, 29, 37, 31, 64, 10, 39, 41, 78, 49]"
352,"[60, 54, 52, 53, 6, 74, 2, 19, 63, 25]"
353,"[66, 34, 53, 51, 15, 17, 25, 27, 21, 59]"
354,"[70, 61, 25, 11, 57, 20, 66, 33, 10, 24]"
355,"[54, 24, 4, 68, 3, 71, 9, 72, 30, 13]"
356,"[60, 75, 22, 73, 30, 59, 9, 70, 4, 78]"
357,"[9, 35, 3, 34, 39, 57, 48, 7, 10, 14]"
358,"[73, 74, 43, 44, 34, 66, 28, 38, 23, 8]"
359,"[42, 17, 38, 51, 47, 30, 40, 56, 64, 77]"
360,"[11, 43, 31, 57, 80, 28, 78, 65, 55, 17]"
361,"[37, 46, 12, 51, 20, 43, 48, 9, 32, 17]"
362,"[15, 19, 34, 14, 48, 42, 75, 74, 72, 6]"
363,"[64, 3, 77, 28, 20, 13, 53, 41, 9, 40]"
364,"[49, 14, 17, 66, 13, 80, 67, 3, 61, 41]"
365,"[18, 8, 27, 4, 5, 75, 80, 36, 77, 29]"
366,"[30, 24, 69, 42, 70, 78, 6, 34, 53, 49]"
367,"[17, 18, 5, 80, 74, 55, 31, 36, 59, 10]"
368,"[53, 69, 13, 36, 74, 45, 30, 67, 19, 49]"
369,"[35, 55, 10, 29, 79, 60, 56, 68, 66, 19]"
370,"[2, 14, 11, 45, 71, 16, 74, 7, 30, 77]"
371,"[40, 74, 5, 18, 70, 71, 63, 49, 64, 65]"
372,"[25, 50, 46, 29, 52, 5, 19, 35, 17, 44]"
373,"[12, 71, 24, 43, 77, 64, 61, 57, 38, 39]"
374,"[62, 7, 24, 31, 65, 70, 63, 41, 51, 77]"
375,"[40, 38, 52, 68, 18, 74, 76, 55, 66, 61]"
376,"[3, 56, 7, 77, 8, 72, 50, 37, 79, 45]"
377,"[39, 34, 43, 5, 77, 75, 35, 78, 36, 37]"
378,"[35, 18, 49, 60, 79, 31, 25, 19, 2, 52]"
379,"[67, 52, 7, 43, 9, 51, 33, 60, 11, 37]"
380,"[57, 10, 4, 43, 6, 24, 32, 37, 2, 62]"
381,"[75, 45, 49, 37, 21, 6, 10, 36, 43, 15]"
382,"[30, 65, 57, 56, 26, 36, 17, 35, 78, 42]"
383,"[71, 69, 4, 53, 72, 52, 25, 32, 7, 2]"
384,"[68, 57, 62, 10, 25, 35, 19, 76, 16, 55]"
385,"[28, 20, 69, 63, 80, 37, 52, 22, 31, 9]"
386,"[45, 28, 23, 19, 49, 40, 77, 42, 26, 13]"
387,"[23, 52, 71, 20, 68, 54, 9, 75, 6, 44]"
388,"[19, 42, 11, 21, 69, 74, 28, 23, 41, 3]"
389,"[39, 27, 52, 71, 76, 12, 65, 44, 38, 46]"
390,"[12, 72, 78, 23, 61, 22, 71, 37, 5, 35]"
391,"[27, 32, 78, 23, 72, 47, 49, 7, 75, 60]"
392,"[71, 61, 39, 27, 78, 74, 11, 41, 19, 48]"
393,"[12, 61, 20, 65, 14, 74, 78, 50, 41, 6]"
394,"[51, 28, 14, 36, 30, 80, 46, 66, 63, 37]"
395,"[14, 28, 40, 7, 42, 9, 11, 23, 58, 5]"
396,"[68, 37, 79, 40, 44, 17, 70, 25, 64, 34]"
397,"[53, 72, 34, 18, 16, 21, 73, 77, 66, 7]"
398,"[11, 22, 60, 6, 40, 78, 7, 59, 47, 68]"
399,"[6, 10, 29, 18, 56, 54, 53, 70, 39, 51]"
400,"[68, 48, 8, 79, 75, 17, 80, 11, 4, 36]"
401,"[50, 52, 28, 67, 58, 53, 70, 21, 35, 63]"
402,"[4, 57, 46, 16, 80, 74, 1, 10, 43, 59]"
403,"[21, 5, 22, 51, 65, 69, 2, 15, 30, 25]"
404,"[34, 14, 21, 77, 73, 49, 59, 80, 13, 25]"
405,"[10, 78, 58, 48, 16, 64, 39, 62, 46, 80]"
406,"[43, 49, 78, 41, 9, 54, 75, 6, 14, 19]"
407,"[48, 40, 28, 58, 17, 19, 61, 2, 29, 41]"
408,"[38, 6, 12, 21, 26, 75, 32, 17, 69, 10]"
409,"[76, 24, 3, 11, 18, 25, 13, 68, 17, 48]"
410,"[65, 15, 5, 80, 10, 36, 76, 45, 32, 40]"
411,"[19, 65, 8, 70, 80, 49, 1, 54, 79, 62]"
412,"[16, 25, 31, 51, 74, 54, 3, 18, 71, 49]"
413,"[54, 42, 15, 5, 40, 48, 21, 66, 70, 56]"
414,"[39, 21, 38, 79, 59, 62, 27, 69, 54, 34]"
415,"[45, 48, 14, 67, 46, 21, 40, 4, 36, 15]"
416,"[9, 29, 18, 24, 59, 31, 19, 60, 26, 27]"
417,"[23, 76, 21, 70, 25, 51, 62, 58, 17, 64]"
418,"[20, 46, 18, 43, 13, 42, 52, 2, 70, 66]"
419,"[14, 12, 21, 38, 80, 60, 10, 2, 72, 47]"
420,"[30, 14, 71, 20, 60, 13, 15, 47, 5, 45]"
421,"[26, 58, 10, 69, 20, 40, 24, 11, 8, 27]"
422,"[49, 19, 11, 65, 23, 73, 43, 3, 30, 45]"
423,"[42, 33, 52, 28, 20, 41, 43, 15, 3, 32]"
424,"[21, 35, 60, 3, 73, 37, 44, 59, 23, 29]"
425,"[50, 71, 6, 23, 74, 78, 12, 40, 13, 54]"
426,"[33, 58, 62, 49, 48, 6, 10, 12, 1, 37]"
427,"[25, 77, 21, 75, 29, 26, 19, 78, 53, 69]"
428,"[58, 68, 41, 10, 40, 79, 78, 22, 74, 8]"
429,"[72, 61, 22, 15, 49, 65, 75, 73, 63, 40]"
430,"[15, 59, 34, 77, 54, 56, 71, 74, 58, 48]"
431,"[44, 12, 69, 57, 72, 25, 21, 34, 55, 38]"
432,"[22, 76, 59, 77, 74, 19, 2, 68, 30, 26]"
433,"[55, 62, 60, 20, 46, 48, 8, 66, 69, 45]"
434,"[15, 9, 78, 69, 27, 22, 49, 64, 33, 6]"
435,"[74, 10, 73, 39, 40, 71, 62, 36, 31, 26]"
436,"[63, 11, 19, 77, 17, 45, 32, 9, 44, 61]"
437,"[79, 47, 52, 72, 46, 76, 40, 19, 75, 60]"
438,"[13, 54, 42, 53, 8, 65, 67, 41, 17, 9]"
439,"[19, 66, 2, 56, 76, 72, 4, 77, 58, 51]"
440,"[40, 47, 29, 7, 56, 50, 72, 15, 69, 31]"
441,"[12, 72, 14, 40, 60, 19, 34, 45, 38, 75]"
442,"[78, 65, 45, 15, 80, 70, 31, 67, 14, 55]"
443,"[31, 71, 14, 43, 57, 70, 26, 25, 67, 45]"
444,"[47, 51, 16, 28, 21, 42, 17, 1, 25, 41]"
445,"[52, 6, 4, 25, 68, 64, 45, 29, 24, 51]"
446,"[20, 9, 22, 75, 49, 42, 79, 10, 7, 33]"
447,"[34, 60, 76, 24, 27, 49, 19, 15, 11, 25]"
448,"[35, 1, 32, 39, 46, 59, 45, 6, 57, 64]"
449,"[23, 19, 46, 2, 14, 68, 38, 12, 15, 61]"
450,"[53, 48, 1, 14, 8, 19, 34, 69, 15, 36]"
451,"[51, 13, 31, 22, 78, 68, 71, 56, 69, 55]"
452,"[20, 40, 48, 17, 37, 56, 27, 26, 7, 71]"
453,"[79, 20, 69, 14, 28, 50, 51, 46, 17, 44]"
454,"[72, 52, 14, 1, 16, 79, 44, 23, 55, 43]"
455,"[21, 46, 47, 38, 60, 14, 43, 62, 48, 67]"
456,"[25, 31, 63, 34, 49, 77, 68, 44, 15, 55]"
457,"[41, 73, 40, 16, 12, 20, 69, 59, 44, 29]"
458,"[75, 14, 62, 16, 6, 48, 17, 37, 55, 31]"
459,"[53, 71, 58, 23, 14, 11, 41, 16, 51, 12]"
460,"[39, 43, 40, 36, 57, 46, 12, 69, 64, 10]"
461,"[61, 73, 38, 54, 6, 71, 34, 17, 67, 45]"
462,"[36, 22, 21, 2, 24, 76, 9, 12, 58, 29]"
463,"[10, 51, 22, 52, 4, 21, 73, 72, 68, 61]"
464,"[30, 61, 23, 6, 33, 31, 71, 40, 44, 51]"
465,"[76, 18, 13, 59, 55, 63, 16, 6, 12, 7]"
466,"[51, 13, 26, 78, 55, 37, 76, 53, 7, 41]"
467,"[48, 29, 36, 12, 46, 21, 74, 39, 28, 78]"
468,"[72, 31, 42, 18, 34, 10, 25, 4, 63, 17]"
469,"[31, 45, 15, 24, 52, 55, 20, 48, 64, 6]"
470,"[57, 25, 33, 54, 21, 27, 42, 58, 46, 56]"
471,"[10, 34, 30, 53, 17, 7, 9, 44, 51, 74]"
472,"[20, 45, 44, 21, 43, 59, 65, 32, 27, 47]"
473,"[44, 31, 2, 72, 28, 50, 54, 6, 47, 37]"
474,"[66, 49, 12, 6, 59, 8, 15, 5, 31, 21]"
475,"[68, 33, 24, 5, 7, 53, 43, 40, 34, 31]"
476,"[4, 79, 28, 70, 23, 24, 20, 62, 18, 44]"
477,"[19, 29, 34, 16, 40, 51, 22, 57, 67, 24]"
478,"[22, 47, 72, 74, 34, 80, 43, 51, 53, 67]"
479,"[52, 30, 22, 35, 47, 43, 32, 27, 64, 63]"
480,"[21, 16, 12, 52, 41, 78, 23, 80, 28, 69]"
481,"[56, 48, 52, 69, 21, 57, 2, 16, 50, 1]"
482,"[38, 3, 57, 75, 73, 6, 56, 80, 49, 40]"
483,"[1, 4, 15, 65, 48, 51, 20, 27, 11, 59]"
484,"[74, 50, 42, 69, 67, 71, 48, 3, 16, 36]"
485,"[53, 21, 49, 36, 58, 7, 9, 23, 38, 33]"
486,"[53, 64, 4, 63, 6, 61, 15, 42, 40, 13]"
487,"[70, 25, 39, 54, 66, 51, 79, 24, 74, 72]"
488,"[50, 33, 63, 14, 61, 37, 49, 55, 4, 19]"
489,"[35, 12, 72, 25, 55, 37, 60, 33, 73, 7]"
490,"[56, 24, 52, 78, 14, 49, 25, 54, 38, 35]"
491,"[8, 70, 42, 16, 18, 10, 74, 36, 34, 27]"
492,"[62, 35, 24, 5, 6, 33, 76, 11, 10, 30]"
493,"[37, 25, 34, 24, 61, 20, 75, 65, 59, 16]"
494,"[19, 10, 47, 59, 78, 5, 24, 17, 42, 72]"
495,"[75, 56, 51, 29, 69, 52, 50, 65, 1, 64]"
496,"[76, 68, 77, 11, 13, 60, 7, 50, 61, 30]"
497,"[27, 71, 41, 36, 18, 42, 32, 10, 1, 40]"
498,"[3, 51, 65, 74, 19, 75, 26, 14, 53, 47]"
499,"[25, 13, 69, 45, 76, 24, 58, 53, 31, 19]"
500,"[36, 65, 37, 50, 41, 17, 46, 30, 3, 24]"
501,"[54, 1, 68, 24, 30, 3, 12, 34, 47, 26]"
502,"[29, 17, 62, 39, 28, 23, 61, 80, 77, 21]"
503,"[25, 30, 79, 14, 59, 2, 16, 45, 67, 43]"
504,"[14, 60, 50, 74, 76, 19, 29, 22, 7, 58]"
505,"[9, 22, 30, 10, 67, 1, 75, 2, 12, 33]"
506,"[61, 68, 2, 21, 55, 35, 14, 58, 63, 1]"
507,"[25, 21, 46, 68, 66, 39, 58, 42, 70, 60]"
508,"[40, 2, 30, 12, 76, 62, 17, 73, 38, 9]"
509,"[25, 80, 67, 50, 40, 2, 4, 45, 72, 76]"
510,"[30, 62, 65, 61, 58, 51, 10, 75, 28, 34]"
511,"[42, 1, 12, 63, 29, 79, 60, 41, 38, 54]"
512,"[17, 49, 51, 78, 66, 70, 73, 25, 53, 3]"
513,"[61, 7, 2, 46, 50, 78, 49, 72, 70, 36]"
514,"[23, 46, 5, 45, 44, 67, 34, 76, 58, 13]"
515,"[51, 25, 76, 19, 53, 80, 31, 56, 32, 11]"
516,"[70, 8, 16, 13, 57, 65, 21, 9, 64, 66]"
517,"[23, 38, 41, 48, 74, 29, 17, 72, 10, 12]"
518,"[22, 76, 36, 26, 48, 25, 34, 40, 30, 62]"
519,"[4, 38, 20, 65, 70, 9, 23, 6, 45, 59]"
520,"[59, 15, 17, 53, 24, 43, 29, 35, 32, 6]"
521,"[46, 65, 64, 70, 14, 51, 45, 31, 73, 29]"
522,"[42, 8, 16, 64, 40, 9, 55, 23, 52, 6]"
523,"[3, 26, 40, 30, 23, 65, 78, 80, 12, 29]"
524,"[1, 58, 7, 28, 9, 11, 30, 79, 20, 26]"
525,"[53, 51, 27, 12, 23, 72, 7, 54, 1, 9]"
526,"[34, 30, 63, 60, 36, 25, 70, 78, 11, 8]"
527,"[69, 11, 10, 1, 26, 31, 38, 8, 4, 76]"
528,"[77, 65, 52, 23, 43, 25, 11, 15, 79, 19]"
529,"[45, 68, 47, 59, 2, 57, 32, 56, 53, 72]"
530,"[6, 44, 11, 7, 75, 58, 13, 35, 57, 53]"
531,"[18, 69, 47, 20, 11, 63, 59, 4, 25, 13]"
532,"[10, 16, 50, 25, 18, 42, 80, 52, 57, 40]"
533,"[9, 37, 13, 50, 53, 75, 77, 80, 69, 47]"
534,"[14, 42, 54, 19, 75, 2, 52, 48, 32, 16]"
535,"[6, 24, 13, 80, 65, 77, 2, 15, 20, 5]"
536,"[37, 77, 15, 76, 26, 35, 52, 19, 24, 25]"
537,"[44, 32, 17, 73, 8, 58, 19, 10, 66, 33]"
538,"[15, 62, 18, 17, 64, 57, 9, 75, 29, 12]"
539,"[76, 47, 36, 40, 18, 23, 30, 56, 68, 41]"
540,"[6, 29, 14, 12, 5, 41, 43, 74, 53, 21]"
541,"[69, 68, 62, 9, 45, 56, 32, 42, 80, 15]"
542,"[66, 14, 32, 3, 34, 53, 52, 8, 5, 28]"
543,"[41, 54, 17, 34, 33, 15, 78, 45, 50, 52]"
544,"[79, 20, 22, 74, 44, 59, 11, 64, 7, 62]"
545,"[70, 21, 77, 3, 55, 53, 56, 11, 6, 51]"
546,"[35, 74, 36, 66, 55, 15, 18, 21, 19, 69]"
547,"[31, 1, 29, 50, 8, 45, 44, 14, 18, 79]"
548,"[64, 61, 39, 65, 54, 59, 13, 74, 40, 45]"
549,"[46, 43, 18, 10, 30, 13, 26, 58, 51, 20]"
550,"[54, 19, 12, 45, 25, 27, 9, 29, 2, 3]"
551,"[34, 3, 63, 69, 19, 37, 66, 15, 65, 27]"
552,"[40, 6, 43, 60, 25, 54, 31, 70, 77, 12]"
553,"[31, 36, 67, 72, 8, 40, 22, 27, 33, 41]"
554,"[51, 50, 55, 2, 27, 31, 48, 12, 24, 36]"
555,"[24, 68, 20, 71, 65, 54, 73, 77, 66, 23]"
556,"[3, 30, 8, 33, 62, 38, 50, 14, 37, 80]"
557,"[36, 38, 42, 20, 27, 70, 66, 29, 14, 67]"
558,"[30, 42, 79, 2, 73, 77, 8, 48, 53, 33]"
559,"[65, 5, 35, 29, 1, 7, 58, 72, 64, 55]"
560,"[56, 64, 34, 50, 66, 47, 6, 60, 32, 10]"
561,"[20, 15, 16, 13, 70, 9, 32, 45, 35, 37]"
562,"[29, 22, 21, 49, 25, 5, 14, 52, 1, 75]"
563,"[22, 74, 78, 13, 34, 77, 75, 23, 21, 10]"
564,"[74, 34, 80, 42, 54, 4, 47, 43, 37, 3]"
565,"[8, 23, 80, 11, 42, 77, 78, 24, 30, 72]"
566,"[54, 80, 35, 11, 30, 75, 61, 51, 2, 48]"
567,"[29, 44, 48, 22, 51, 2, 25, 3, 4, 69]"
568,"[23, 75, 35, 8, 5, 36, 20, 2, 39, 76]"
569,"[1, 39, 19, 42, 22, 53, 50, 9, 49, 29]"
570,"[51, 80, 12, 55, 37, 23, 7, 38, 20, 45]"
571,"[78, 55, 7, 49, 47, 39, 6, 17, 34, 43]"
572,"[48, 29, 72, 37, 80, 4, 3, 32, 26, 21]"
573,"[67, 7, 41, 24, 33, 77, 78, 54, 65, 31]"
574,"[78, 58, 63, 80, 64, 23, 13, 39, 79, 70]"
575,"[5, 34, 3, 27, 71, 17, 75, 13, 79, 53]"
576,"[80, 60, 7, 75, 51, 12, 22, 73, 6, 20]"
577,"[75, 12, 78, 47, 62, 8, 24, 60, 42, 21]"
578,"[21, 27, 66, 26, 49, 80, 42, 17, 54, 25]"
579,"[69, 67, 41, 6, 3, 39, 63, 26, 52, 42]"
580,"[57, 11, 26, 41, 38, 36, 74, 76, 32, 9]"
581,"[64, 65, 51, 15, 61, 66, 48, 38, 2, 35]"
582,"[74, 46, 54, 58, 44, 6, 27, 78, 43, 2]"
583,"[48, 28, 41, 78, 18, 66, 31, 54, 12, 64]"
584,"[73, 16, 28, 36, 50, 22, 10, 64, 78, 77]"
585,"[23, 24, 16, 68, 21, 41, 22, 70, 32, 55]"
586,"[4, 18, 14, 63, 67, 20, 71, 44, 62, 65]"
587,"[4, 23, 75, 51, 21, 11, 31, 20, 76, 18]"
588,"[51, 10, 19, 1, 43, 77, 59, 50, 42, 58]"
589,"[1, 24, 36, 44, 63, 14, 10, 34, 43, 13]"
590,"[47, 13, 73, 28, 20, 70, 42, 9, 35, 26]"
591,"[51, 78, 8, 46, 50, 53, 73, 4, 19, 3]"
592,"[4, 74, 25, 35, 73, 48, 32, 26, 37, 30]"
593,"[38, 69, 78, 7, 27, 41, 5, 64, 33, 42]"
594,"[43, 6, 36, 24, 37, 1, 58, 9, 29, 21]"
595,"[55, 11, 30, 36, 26, 63, 29, 21, 61, 39]"
596,"[9, 65, 35, 34, 46, 71, 47, 12, 16, 69]"
597,"[61, 42, 78, 7, 52, 46, 67, 33, 60, 36]"
598,"[48, 78, 74, 54, 36, 3, 16, 23, 43, 11]"
599,"[51, 63, 19, 76, 73, 32, 41, 66, 10, 4]"
600,"[70, 39, 13, 56, 73, 4, 71, 67, 51, 6]"
601,"[27, 21, 37, 7, 61, 63, 30, 15, 59, 72]"
602,"[56, 66, 50, 79, 78, 37, 21, 51, 13, 30]"
603,"[61, 40, 51, 50, 47, 20, 48, 27, 7, 49]"
604,"[29, 76, 10, 37, 12, 72, 65, 42, 28, 41]"
605,"[67, 54, 79, 19, 2, 76, 66, 58, 4, 37]"
606,"[42, 44, 76, 22, 32, 45, 27, 2, 36, 57]"
607,"[54, 32, 47, 79, 53, 57, 42, 63, 69, 1]"
608,"[67, 3, 52, 73, 6, 65, 76, 60, 53, 40]"
609,"[29, 62, 32, 72, 31, 74, 75, 48, 34, 40]"
610,"[53, 16, 46, 38, 32, 54, 2, 26, 61, 62]"
611,"[54, 75, 6, 28, 1, 67, 73, 50, 19, 20]"
612,"[13, 57, 69, 79, 29, 46, 72, 43, 11, 38]"
613,"[72, 34, 25, 14, 71, 70, 78, 7, 74, 47]"
614,"[19, 52, 48, 15, 9, 16, 66, 79, 70, 76]"
615,"[76, 18, 36, 71, 1, 30, 4, 21, 16, 56]"
616,"[6, 57, 3, 66, 37, 11, 43, 54, 48, 21]"
617,"[53, 12, 71, 78, 68, 41, 50, 56, 22, 29]"
618,"[34, 75, 66, 10, 28, 18, 62, 19, 4, 41]"
619,"[41, 57, 43, 36, 51, 37, 18, 52, 61, 54]"
620,"[8, 76, 53, 18, 64, 77, 78, 48, 56, 37]"
621,"[10, 69, 29, 25, 22, 76, 15, 5, 63, 36]"
622,"[13, 46, 15, 47, 25, 61, 57, 27, 40, 22]"
623,"[58, 25, 10, 11, 47, 33, 41, 19, 51, 70]"
624,"[59, 70, 42, 20, 33, 57, 6, 3, 16, 47]"
625,"[17, 9, 55, 79, 23, 39, 80, 67, 64, 5]"
626,"[19, 16, 23, 13, 9, 48, 40, 21, 34, 29]"
627,"[30, 45, 5, 14, 12, 38, 70, 9, 61, 42]"
628,"[30, 58, 45, 36, 35, 73, 59, 1, 67, 55]"
629,"[14, 22, 49, 60, 20, 64, 39, 28, 33, 32]"
630,"[11, 9, 42, 40, 31, 77, 76, 36, 49, 65]"
631,"[65, 38, 3, 47, 41, 37, 66, 36, 44, 64]"
632,"[30, 61, 57, 52, 16, 17, 65, 6, 39, 18]"
633,"[62, 5, 73, 14, 26, 52, 30, 58, 67, 51]"
634,"[58, 65, 5, 79, 10, 15, 47, 37, 34, 56]"
635,"[48, 51, 20, 79, 78, 65, 71, 8, 67, 66]"
636,"[34, 21, 63, 32, 40, 13, 4, 79, 51, 76]"
637,"[67, 43, 40, 54, 66, 32, 39, 22, 62, 23]"
638,"[67, 59, 24, 34, 43, 8, 4, 58, 19, 16]"
639,"[61, 29, 16, 9, 28, 79, 30, 55, 14, 21]"
640,"[64, 78, 33, 28, 3, 17, 62, 51, 26, 71]"
641,"[2, 24, 12, 42, 60, 53, 52, 38, 36, 25]"
642,"[44, 68, 76, 72, 70, 9, 49, 14, 79, 73]"
643,"[46, 32, 51, 11, 40, 44, 18, 38, 45, 62]"
644,"[33, 69, 56, 73, 70, 40, 72, 43, 7, 74]"
645,"[53, 80, 68, 34, 25, 77, 18, 16, 9, 1]"
646,"[51, 9, 40, 79, 63, 60, 65, 55, 41, 25]"
647,"[51, 47, 34, 21, 36, 62, 27, 69, 35, 20]"
648,"[22, 49, 6, 61, 16, 74, 53, 28, 58, 46]"
649,"[36, 47, 51, 46, 11, 75, 7, 38, 73, 77]"
650,"[52, 63, 51, 28, 40, 55, 31, 29, 15, 54]"
651,"[26, 17, 79, 63, 18, 16, 40, 75, 42, 77]"
652,"[21, 23, 1, 45, 20, 66, 35, 13, 56, 18]"
653,"[78, 76, 28, 31, 13, 32, 20, 58, 37, 12]"
654,"[27, 75, 29, 38, 41, 52, 53, 23, 68, 14]"
655,"[71, 14, 1, 12, 46, 18, 39, 34, 38, 35]"
656,"[74, 27, 42, 30, 70, 41, 29, 34, 45, 24]"
657,"[57, 49, 45, 80, 9, 1, 44, 13, 65, 46]"
658,"[71, 63, 36, 13, 5, 75, 27, 80, 20, 52]"
659,"[41, 13, 7, 44, 11, 51, 48, 73, 55, 4]"
660,"[33, 67, 52, 65, 27, 37, 69, 31, 1, 63]"
661,"[49, 18, 31, 62, 64, 5, 12, 27, 13, 24]"
662,"[58, 19, 40, 10, 25, 5, 77, 80, 42, 44]"
663,"[30, 48, 45, 28, 29, 57, 62, 74, 46, 52]"
664,"[22, 9, 71, 32, 62, 31, 21, 40, 18, 36]"
665,"[71, 40, 46, 11, 38, 65, 8, 75, 26, 74]"
666,"[72, 32, 18, 42, 1, 12, 22, 62, 47, 31]"
667,"[75, 38, 37, 61, 6, 36, 41, 33, 79, 4]"
668,"[46, 19, 68, 25, 49, 45, 36, 61, 11, 33]"
669,"[78, 15, 37, 55, 44, 6, 47, 73, 22, 53]"
670,"[60, 72, 55, 5, 74, 18, 26, 7, 62, 43]"
671,"[12, 73, 16, 39, 38, 5, 48, 23, 58, 2]"
672,"[48, 75, 50, 71, 47, 62, 73, 7, 42, 21]"
673,"[10, 56, 59, 34, 52, 79, 77, 50, 64, 16]"
674,"[9, 67, 24, 2, 12, 57, 21, 28, 75, 71]"
675,"[13, 46, 10, 59, 48, 62, 15, 26, 57, 27]"
676,"[77, 7, 42, 41, 45, 63, 79, 29, 1, 49]"
677,"[65, 60, 18, 34, 50, 20, 72, 32, 7, 29]"
678,"[58, 13, 20, 54, 25, 70, 28, 11, 18, 26]"
679,"[39, 76, 32, 58, 66, 31, 53, 6, 61, 34]"
680,"[33, 35, 16, 31, 53, 11, 79, 10, 34, 2]"
681,"[68, 13, 16, 74, 70, 65, 15, 24, 67, 19]"
682,"[16, 56, 24, 75, 34, 74, 55, 51, 63, 21]"
683,"[36, 69, 67, 51, 9, 19, 75, 14, 79, 61]"
684,"[6, 27, 76, 17, 45, 55, 32, 31, 42, 61]"
685,"[47, 57, 49, 15, 44, 50, 46, 66, 52, 74]"
686,"[53, 24, 27, 69, 60, 33, 61, 32, 36, 52]"
687,"[76, 55, 44, 31, 17, 28, 58, 68, 53, 12]"
688,"[65, 40, 56, 9, 11, 71, 76, 16, 2, 32]"
689,"[29, 8, 57, 11, 68, 80, 20, 65, 4, 38]"
690,"[61, 32, 24, 30, 74, 64, 15, 36, 19, 44]"
691,"[73, 47, 59, 63, 29, 5, 1, 78, 24, 65]"
692,"[28, 7, 60, 62, 32, 23, 49, 44, 27, 24]"
693,"[80, 66, 20, 73, 29, 62, 6, 74, 22, 48]"
694,"[17, 15, 40, 26, 7, 52, 59, 67, 8, 21]"
695,"[25, 64, 76, 46, 5, 32, 68, 2, 59, 29]"
696,"[59, 19, 58, 2, 74, 11, 34, 79, 9, 40]"
697,"[30, 63, 39, 67, 29, 8, 22, 66, 16, 12]"
698,"[46, 70, 54, 65, 38, 24, 55, 75, 16, 34]"
699,"[59, 26, 24, 42, 63, 37, 15, 41, 8, 17]"
700,"[66, 35, 2, 73, 37, 42, 43, 3, 14, 46]"
701,"[64, 16, 3, 10, 73, 17, 62, 32, 18, 11]"
702,"[26, 43, 80, 2, 59, 6, 14, 18, 41, 42]"
703,"[43, 19, 35, 27, 63, 31, 10, 33, 9, 72]"
704,"[64, 6, 52, 7, 3, 28, 12, 50, 59, 69]"
705,"[5, 67, 13, 4, 78, 3, 69, 21, 64, 53]"
706,"[37, 71, 49, 69, 56, 68, 2, 51, 13, 3]"
707,"[18, 61, 2, 1, 75, 27, 45, 36, 54, 20]"
708,"[69, 11, 18, 55, 77, 76, 75, 24, 42, 45]"
709,"[2, 28, 51, 37, 27, 1, 56, 64, 68, 80]"
710,"[12, 52, 80, 8, 57, 30, 62, 17, 70, 72]"
711,"[4, 43, 80, 44, 15, 77, 73, 69, 75, 52]"
712,"[30, 38, 36, 72, 22, 46, 35, 7, 6, 9]"
713,"[9, 31, 29, 54, 50, 14, 41, 38, 34, 66]"
714,"[12, 61, 34, 52, 54, 36, 62, 10, 2, 55]"
715,"[32, 60, 35, 21, 37, 26, 8, 6, 28, 7]"
716,"[70, 30, 72, 49, 54, 17, 66, 48, 47, 23]"
717,"[38, 16, 15, 45, 19, 4, 22, 36, 29, 41]"
718,"[80, 23, 6, 25, 49, 62, 37, 3, 1, 52]"
719,"[15, 46, 63, 68, 40, 51, 67, 26, 27, 17]"
720,"[64, 3, 28, 62, 36, 66, 15, 68, 23, 31]"
721,"[34, 39, 25, 51, 38, 4, 1, 74, 67, 70]"
722,"[64, 28, 54, 41, 36, 45, 42, 79, 80, 40]"
723,"[80, 6, 23, 65, 25, 71, 16, 55, 70, 39]"
724,"[39, 7, 26, 64, 67, 17, 59, 48, 12, 54]"
725,"[24, 53, 60, 59, 35, 38, 36, 28, 3, 34]"
726,"[46, 15, 34, 63, 27, 31, 54, 16, 25, 37]"
727,"[29, 20, 80, 56, 74, 66, 40, 22, 8, 73]"
728,"[68, 16, 69, 65, 75, 22, 31, 63, 30, 37]"
729,"[17, 66, 42, 59, 21, 24, 58, 11, 39, 13]"
730,"[60, 34, 79, 42, 6, 26, 55, 56, 51, 9]"
731,"[35, 16, 49, 43, 6, 56, 59, 33, 8, 46]"
732,"[57, 52, 38, 67, 17, 28, 3, 22, 50, 20]"
733,"[63, 34, 72, 22, 28, 7, 42, 61, 11, 69]"
734,"[32, 57, 78, 41, 11, 7, 16, 14, 2, 59]"
735,"[59, 26, 10, 21, 1, 31, 78, 12, 24, 79]"
736,"[79, 61, 8, 74, 4, 47, 1, 17, 20, 32]"
737,"[16, 9, 63, 30, 33, 49, 38, 67, 32, 7]"
738,"[45, 44, 74, 47, 27, 13, 67, 70, 77, 58]"
739,"[32, 16, 19, 52, 60, 58, 59, 11, 17, 64]"
740,"[31, 37, 6, 72, 59, 71, 18, 35, 2, 15]"
741,"[54, 33, 71, 11, 45, 31, 57, 27, 47, 43]"
742,"[44, 1, 61, 26, 40, 53, 4, 69, 66, 68]"
743,"[72, 6, 59, 79, 66, 36, 35, 77, 14, 17]"
744,"[68, 4, 16, 39, 55, 42, 46, 29, 67, 19]"
745,"[19, 56, 74, 69, 76, 7, 52, 11, 15, 20]"
746,"[8, 27, 75, 32, 34, 72, 10, 60, 61, 37]"
747,"[67, 77, 33, 7, 76, 20, 4, 34, 19, 73]"
748,"[1, 10, 71, 76, 7, 42, 65, 49, 17, 38]"
749,"[68, 73, 25, 4, 28, 7, 22, 34, 24, 11]"
750,"[16, 71, 57, 64, 39, 59, 12, 33, 43, 30]"
751,"[27, 33, 75, 76, 2, 63, 59, 17, 43, 37]"
752,"[70, 26, 54, 73, 80, 2, 67, 5, 59, 25]"
753,"[17, 22, 10, 52, 46, 11, 13, 57, 35, 48]"
754,"[20, 80, 46, 79, 52, 14, 11, 45, 16, 61]"
755,"[80, 70, 8, 74, 21, 60, 72, 75, 62, 33]"
756,"[42, 34, 31, 20, 23, 45, 29, 67, 15, 3]"
757,"[4, 55, 44, 31, 1, 30, 10, 9, 73, 61]"
758,"[73, 7, 60, 55, 25, 9, 39, 76, 65, 37]"
759,"[35, 29, 53, 40, 3, 11, 74, 47, 42, 79]"
760,"[44, 52, 76, 15, 20, 63, 35, 49, 13, 77]"
761,"[34, 40, 37, 74, 47, 71, 16, 19, 5, 21]"
762,"[8, 18, 31, 43, 80, 26, 78, 49, 53, 40]"
763,"[12, 63, 31, 1, 77, 74, 79, 49, 73, 44]"
764,"[65, 18, 40, 61, 27, 21, 72, 42, 37, 35]"
765,"[10, 72, 5, 12, 64, 21, 38, 40, 6, 33]"
766,"[42, 50, 37, 36, 57, 45, 13, 70, 73, 34]"
767,"[19, 23, 33, 4, 47, 72, 41, 62, 69, 51]"
768,"[49, 57, 40, 11, 3, 60, 19, 59, 4, 72]"
769,"[8, 75, 53, 16, 24, 54, 4, 1, 76, 36]"
770,"[76, 5, 40, 19, 48, 4, 71, 35, 29, 16]"
771,"[47, 74, 13, 37, 66, 70, 42, 39, 22, 67]"
772,"[74, 14, 38, 24, 27, 20, 32, 43, 58, 62]"
773,"[57, 70, 31, 37, 52, 3, 44, 7, 60, 13]"
774,"[73, 9, 51, 1, 44, 36, 11, 57, 37, 30]"
775,"[42, 57, 69, 59, 45, 54, 61, 52, 24, 31]"
776,"[7, 49, 41, 12, 63, 16, 47, 75, 35, 37]"
777,"[30, 41, 62, 3, 42, 74, 67, 49, 14, 28]"
778,"[44, 55, 24, 51, 19, 34, 9, 28, 36, 73]"
779,"[38, 51, 20, 64, 50, 17, 9, 35, 70, 12]"
780,"[50, 49, 29, 14, 16, 58, 69, 60, 7, 76]"
781,"[68, 74, 60, 11, 70, 24, 42, 32, 39, 30]"
782,"[28, 67, 68, 64, 17, 19, 25, 73, 24, 26]"
783,"[52, 42, 41, 12, 79, 56, 5, 46, 11, 62]"
784,"[26, 50, 36, 11, 6, 7, 10, 71, 46, 76]"
785,"[15, 18, 55, 36, 41, 34, 26, 33, 47, 74]"
786,"[77, 37, 23, 75, 15, 60, 36, 48, 38, 3]"
787,"[79, 41, 2, 65, 9, 40, 80, 8, 38, 18]"
788,"[16, 40, 37, 56, 48, 61, 74, 67, 80, 43]"
789,"[62, 71, 64, 15, 33, 45, 5, 8, 66, 42]"
790,"[32, 65, 1, 12, 3, 25, 39, 46, 13, 64]"
791,"[75, 80, 79, 49, 10, 60, 59, 33, 74, 56]"
792,"[31, 63, 4, 70, 73, 56, 6, 32, 71, 76]"
793,"[11, 2, 47, 15, 33, 16, 7, 45, 44, 39]"
794,"[57, 79, 2, 23, 61, 68, 5, 26, 10, 14]"
795,"[59, 19, 58, 5, 44, 34, 36, 38, 78, 40]"
796,"[12, 41, 3, 34, 70, 13, 33, 20, 18, 8]"
797,"[68, 23, 48, 54, 20, 58, 29, 75, 47, 4]"
798,"[14, 77, 22, 31, 44, 52, 28, 61, 54, 72]"
799,"[35, 42, 24, 29, 32, 4, 36, 38, 43, 30]"
800,"[38, 33, 78, 34, 15, 79, 66, 77, 7, 14]"
801,"[48, 50, 54, 24, 76, 17, 68, 26, 47, 57]"
802,"[5, 12, 23, 76, 80, 28, 77, 44, 29, 18]"
803,"[78, 51, 35, 63, 38, 57, 36, 67, 61, 33]"
804,"[67, 12, 73, 80, 51, 56, 47, 57, 70, 2]"
805,"[50, 70, 3, 48, 77, 38, 33, 6, 76, 71]"
806,"[32, 37, 56, 16, 5, 63, 2, 28, 29, 68]"
807,"[79, 21, 58, 24, 61, 7, 3, 70, 54, 74]"
808,"[20, 43, 56, 79, 53, 54, 66, 1, 76, 37]"
809,"[2, 32, 40, 37, 51, 14, 71, 34, 69, 17]"
810,"[5, 11, 72, 37, 75, 41, 78, 8, 62, 77]"
811,"[37, 63, 41, 56, 69, 35, 23, 36, 11, 3]"
812,"[73, 49, 46, 76, 5, 2, 57, 62, 8, 38]"
813,"[19, 65, 45, 16, 60, 57, 2, 8, 26, 1]"
814,"[56, 5, 61, 62, 6, 45, 40, 43, 1, 12]"
815,"[32, 4, 54, 63, 79, 44, 77, 67, 71, 5]"
816,"[79, 51, 36, 74, 73, 66, 48, 13, 72, 75]"
817,"[69, 62, 36, 41, 55, 64, 32, 3, 17, 24]"
818,"[40, 20, 27, 14, 65, 11, 18, 4, 80, 72]"
819,"[56, 21, 74, 28, 73, 59, 67, 35, 64, 12]"
820,"[34, 76, 55, 53, 59, 6, 57, 74, 8, 11]"
821,"[41, 46, 80, 69, 28, 7, 37, 65, 68, 36]"
822,"[76, 1, 56, 74, 16, 71, 22, 46, 72, 59]"
823,"[64, 67, 10, 74, 11, 49, 28, 65, 50, 53]"
824,"[75, 62, 32, 44, 29, 57, 25, 13, 50, 10]"
825,"[48, 33, 29, 57, 69, 1, 12, 35, 19, 43]"
826,"[70, 35, 32, 5, 67, 64, 1, 54, 15, 69]"
827,"[27, 67, 20, 59, 21, 74, 40, 23, 15, 46]"
828,"[21, 54, 53, 80, 18, 3, 26, 31, 65, 34]"
829,"[79, 53, 10, 35, 31, 4, 3, 25, 60, 33]"
830,"[10, 72, 77, 74, 62, 30, 26, 38, 65, 23]"
831,"[37, 4, 2, 26, 67, 22, 15, 41, 3, 74]"
832,"[29, 71, 52, 18, 42, 34, 64, 35, 32, 13]"
833,"[19, 66, 68, 61, 27, 11, 65, 80, 63, 26]"
834,"[32, 14, 31, 56, 12, 10, 55, 52, 45, 22]"
835,"[2, 42, 63, 51, 52, 28, 49, 5, 47, 36]"
836,"[48, 56, 39, 79, 72, 10, 16, 51, 30, 58]"
837,"[74, 14, 25, 30, 80, 20, 52, 63, 2, 44]"
838,"[52, 57, 51, 65, 8, 10, 74, 21, 12, 62]"
839,"[64, 65, 3, 24, 59, 12, 36, 15, 38, 34]"
840,"[14, 1, 73, 57, 68, 44, 60, 20, 40, 65]"
841,"[78, 74, 6, 40, 46, 75, 44, 33, 49, 36]"
842,"[77, 9, 49, 22, 53, 43, 48, 37, 28, 2]"
843,"[78, 79, 36, 13, 23, 1, 42, 16, 58, 46]"
844,"[28, 72, 41, 78, 35, 25, 23, 77, 50, 38]"
845,"[23, 66, 58, 32, 49, 18, 62, 47, 26, 74]"
846,"[48, 59, 42, 4, 28, 35, 19, 66, 1, 52]"
847,"[32, 70, 67, 55, 3, 1, 79, 22, 30, 64]"
848,"[79, 31, 32, 21, 69, 53, 34, 36, 50, 80]"
849,"[73, 3, 22, 77, 65, 15, 80, 7, 32, 18]"
850,"[1, 19, 15, 22, 56, 74, 52, 63, 42, 48]"
851,"[33, 58, 22, 68, 34, 11, 63, 62, 9, 7]"
852,"[54, 10, 52, 60, 46, 56, 37, 66, 53, 79]"
853,"[80, 72, 35, 41, 7, 8, 28, 23, 60, 51]"
854,"[3, 20, 24, 50, 21, 48, 10, 80, 51, 76]"
855,"[39, 28, 14, 54, 42, 73, 64, 56, 25, 62]"
856,"[11, 49, 24, 32, 51, 27, 76, 73, 44, 50]"
857,"[15, 38, 34, 41, 64, 14, 59, 40, 23, 48]"
858,"[13, 54, 25, 60, 78, 62, 64, 69, 12, 72]"
859,"[61, 69, 40, 44, 56, 15, 71, 39, 47, 59]"
860,"[52, 62, 44, 19, 72, 74, 25, 35, 15, 1]"
861,"[76, 24, 35, 27, 25, 18, 53, 33, 7, 70]"
862,"[33, 25, 73, 50, 11, 39, 5, 48, 18, 35]"
863,"[13, 43, 65, 42, 19, 5, 80, 66, 8, 36]"
864,"[54, 27, 48, 80, 26, 23, 24, 2, 45, 34]"
865,"[49, 15, 32, 35, 75, 4, 80, 2, 61, 57]"
866,"[67, 60, 34, 39, 53, 11, 25, 35, 41, 17]"
867,"[55, 80, 39, 59, 19, 4, 61, 69, 14, 35]"
868,"[49, 36, 72, 60, 59, 80, 9, 14, 28, 73]"
869,"[80, 4, 11, 24, 52, 8, 39, 27, 18, 38]"
870,"[18, 78, 29, 37, 22, 5, 62, 3, 65, 19]"
871,"[55, 42, 71, 66, 39, 4, 73, 13, 30, 51]"
872,"[30, 75, 34, 15, 29, 63, 5, 59, 57, 78]"
873,"[28, 2, 9, 42, 24, 52, 61, 70, 16, 32]"
874,"[67, 62, 80, 40, 43, 27, 74, 4, 59, 53]"
875,"[5, 52, 25, 44, 3, 77, 23, 53, 78, 41]"
876,"[37, 75, 34, 33, 20, 47, 55, 70, 17, 67]"
877,"[50, 79, 20, 33, 1, 42, 17, 49, 21, 80]"
878,"[1, 60, 23, 65, 10, 34, 66, 15, 44, 47]"
879,"[57, 68, 14, 32, 51, 1, 31, 10, 12, 5]"
880,"[48, 61, 71, 6, 79, 15, 46, 30, 50, 26]"
881,"[13, 14, 35, 34, 55, 25, 47, 63, 19, 5]"
882,"[65, 40, 2, 17, 69, 57, 79, 78, 19, 46]"
883,"[79, 12, 19, 41, 27, 61, 10, 46, 32, 56]"
884,"[55, 76, 71, 50, 25, 4, 33, 36, 11, 65]"
885,"[24, 57, 4, 49, 58, 34, 20, 33, 68, 41]"
886,"[45, 66, 69, 22, 27, 58, 41, 50, 7, 61]"
887,"[67, 72, 10, 12, 20, 5, 51, 40, 41, 47]"
888,"[1, 54, 29, 32, 44, 20, 12, 14, 52, 73]"
889,"[34, 77, 10, 49, 16, 79, 1, 53, 17, 78]"
890,"[50, 13, 19, 8, 27, 32, 57, 41, 78, 65]"
891,"[50, 75, 8, 30, 34, 70, 42, 62, 64, 44]"
892,"[23, 56, 61, 13, 66, 72, 43, 9, 10, 70]"
893,"[53, 52, 49, 59, 43, 12, 45, 19, 54, 23]"
894,"[36, 20, 66, 34, 69, 23, 28, 9, 10, 65]"
895,"[2, 56, 60, 8, 9, 68, 32, 46, 45, 35]"
896,"[58, 5, 8, 16, 17, 76, 23, 64, 13, 36]"
897,"[17, 31, 76, 46, 57, 9, 14, 37, 40, 16]"
898,"[79, 54, 71, 37, 63, 62, 29, 39, 65, 19]"
899,"[37, 12, 72, 39, 60, 71, 47, 2, 16, 41]"
900,"[38, 69, 21, 20, 54, 34, 18, 25, 78, 66]"
901,"[32, 36, 17, 33, 9, 29, 34, 40, 4, 8]"
902,"[80, 55, 29, 5, 11, 52, 77, 42, 69, 47]"
903,"[56, 67, 63, 17, 23, 27, 78, 66, 12, 34]"
904,"[38, 77, 62, 41, 48, 73, 1, 3, 20, 36]"
905,"[28, 66, 57, 58, 41, 6, 49, 55, 68, 25]"
906,"[17, 72, 36, 15, 46, 40, 4, 50, 73, 30]"
907,"[68, 32, 33, 25, 7, 26, 15, 59, 72, 6]"
908,"[25, 23, 30, 5, 45, 7, 2, 28, 50, 57]"
909,"[44, 41, 59, 76, 40, 51, 24, 33, 78, 8]"
910,"[60, 42, 52, 29, 31, 53, 38, 64, 11, 55]"
911,"[37, 10, 76, 65, 59, 32, 61, 40, 13, 4]"
912,"[56, 65, 16, 19, 67, 7, 29, 70, 57, 15]"
913,"[36, 61, 72, 10, 7, 62, 60, 54, 18, 2]"
914,"[11, 54, 74, 33, 38, 37, 43, 47, 32, 53]"
915,"[31, 49, 72, 70, 5, 22, 60, 52, 28, 15]"
916,"[17, 46, 57, 40, 65, 51, 39, 1, 59, 53]"
917,"[66, 65, 32, 55, 45, 33, 34, 80, 51, 38]"
918,"[9, 50, 58, 42, 17, 66, 16, 49, 28, 25]"
919,"[18, 63, 11, 7, 9, 74, 33, 55, 65, 72]"
920,"[72, 45, 60, 52, 33, 75, 77, 2, 51, 70]"
921,"[1, 13, 56, 41, 28, 31, 23, 33, 48, 39]"
922,"[23, 47, 43, 9, 5, 49, 13, 57, 15, 18]"
923,"[14, 67, 48, 12, 34, 71, 55, 41, 3, 18]"
924,"[23, 47, 74, 2, 24, 71, 63, 44, 9, 52]"
925,"[27, 62, 46, 18, 17, 21, 3, 11, 34, 45]"
926,"[15, 65, 12, 48, 78, 64, 29, 5, 73, 80]"
927,"[54, 55, 20, 28, 69, 3, 25, 6, 50, 64]"
928,"[61, 66, 67, 47, 50, 53, 18, 26, 65, 64]"
929,"[40, 47, 53, 61, 58, 35, 25, 14, 39, 51]"
930,"[70, 63, 79, 54, 50, 15, 77, 35, 67, 12]"
931,"[14, 1, 33, 73, 71, 25, 32, 12, 64, 77]"
932,"[59, 75, 58, 64, 63, 18, 39, 35, 49, 13]"
933,"[68, 80, 11, 52, 56, 70, 27, 17, 19, 59]"
934,"[36, 18, 12, 6, 21, 34, 20, 72, 43, 69]"
935,"[60, 7, 23, 42, 5, 20, 70, 74, 45, 24]"
936,"[38, 41, 79, 62, 59, 78, 61, 11, 19, 24]"
937,"[79, 20, 4, 23, 21, 2, 49, 3, 26, 66]"
938,"[3, 80, 73, 74, 54, 64, 57, 16, 59, 13]"
939,"[59, 30, 71, 61, 9, 50, 76, 64, 40, 53]"
940,"[10, 34, 72, 6, 79, 1, 4, 29, 54, 58]"
941,"[29, 16, 66, 62, 30, 4, 31, 72, 39, 26]"
942,"[11, 63, 33, 61, 39, 9, 5, 64, 34, 30]"
943,"[15, 52, 13, 31, 67, 32, 28, 10, 27, 75]"
944,"[28, 74, 32, 56, 61, 17, 40, 55, 49, 59]"
945,"[31, 64, 44, 35, 66, 70, 17, 37, 9, 16]"
946,"[44, 79, 30, 15, 52, 68, 2, 5, 71, 64]"
947,"[2, 29, 33, 10, 24, 80, 20, 66, 25, 68]"
948,"[55, 28, 29, 68, 8, 51, 78, 1, 16, 7]"
949,"[29, 17, 26, 3, 80, 57, 51, 60, 34, 21]"
950,"[78, 56, 8, 79, 58, 65, 71, 36, 69, 48]"
951,"[34, 26, 7, 72, 50, 45, 14, 6, 37, 78]"
952,"[34, 9, 12, 47, 55, 71, 36, 15, 42, 38]"
953,"[79, 15, 4, 37, 76, 67, 1, 56, 28, 52]"
954,"[13, 35, 76, 4, 18, 40, 27, 19, 51, 58]"
955,"[79, 34, 39, 31, 4, 22, 75, 7, 52, 19]"
956,"[6, 67, 7, 26, 25, 50, 13, 39, 23, 30]"
957,"[56, 76, 20, 62, 60, 24, 42, 30, 38, 47]"
958,"[68, 54, 72, 42, 44, 17, 2, 46, 64, 70]"
959,"[47, 15, 75, 67, 17, 42, 64, 38, 58, 6]"
960,"[45, 68, 77, 67, 50, 62, 30, 16, 27, 3]"
961,"[3, 67, 34, 33, 29, 54, 23, 45, 40, 77]"
962,"[56, 40, 28, 35, 13, 76, 5, 53, 78, 3]"
963,"[44, 13, 21, 60, 25, 71, 6, 37, 78, 53]"
964,"[22, 21, 34, 58, 70, 32, 44, 17, 36, 47]"
965,"[43, 30, 2, 13, 34, 7, 35, 62, 36, 59]"
966,"[49, 64, 36, 47, 44, 24, 42, 40, 19, 67]"
967,"[17, 44, 77, 72, 20, 65, 16, 57, 21, 26]"
968,"[1, 77, 56, 13, 62, 21, 15, 66, 24, 50]"
969,"[34, 75, 30, 57, 11, 36, 61, 5, 8, 27]"
970,"[48, 5, 62, 8, 26, 37, 4, 60, 13, 36]"
971,"[29, 74, 17, 70, 7, 63, 31, 43, 56, 18]"
972,"[74, 12, 6, 37, 23, 32, 64, 58, 8, 67]"
973,"[5, 10, 61, 57, 72, 23, 6, 27, 47, 29]"
974,"[43, 39, 14, 78, 44, 42, 49, 73, 2, 65]"
975,"[54, 52, 32, 69, 18, 39, 34, 11, 20, 22]"
976,"[70, 37, 9, 52, 33, 38, 48, 76, 10, 29]"
977,"[41, 70, 1, 73, 58, 26, 53, 31, 74, 66]"
978,"[52, 6, 24, 12, 63, 29, 48, 58, 37, 62]"
979,"[28, 10, 29, 22, 62, 58, 38, 55, 66, 1]"
980,"[8, 65, 30, 54, 42, 43, 60, 63, 48, 20]"
981,"[41, 7, 47, 33, 12, 64, 72, 66, 26, 34]"
982,"[20, 53, 26, 22, 38, 11, 75, 76, 29, 61]"
983,"[58, 3, 11, 17, 53, 72, 41, 73, 24, 50]"
984,"[30, 80, 47, 60, 71, 75, 26, 4, 69, 59]"
985,"[19, 27, 48, 55, 28, 78, 38, 58, 15, 80]"
986,"[74, 66, 21, 42, 28, 54, 26, 65, 24, 6]"
987,"[63, 69, 56, 23, 5, 52, 9, 70, 35, 14]"
988,"[36, 7, 20, 69, 63, 32, 56, 38, 49, 48]"
989,"[69, 7, 33, 21, 22, 77, 47, 20, 13, 9]"
990,"[76, 52, 4, 42, 31, 38, 43, 23, 26, 21]"
991,"[55, 53, 47, 43, 79, 15, 22, 4, 17, 36]"
992,"[68, 17, 10, 36, 13, 5, 30, 28, 67, 47]"
993,"[26, 72, 60, 66, 32, 63, 74, 59, 7, 2]"
994,"[16, 45, 23, 10, 77, 65, 64, 29, 47, 63]"
995,"[76, 11, 27, 41, 49, 2, 35, 57, 64, 10]"
996,"[15, 37, 23, 46, 61, 44, 36, 14, 77, 74]"
997,"[76, 43, 35, 14, 17, 29, 4, 31, 32, 60]"
998,"[58, 26, 79, 10, 18, 3, 15, 59, 39, 37]"
999,"[15, 74, 46, 64, 68, 66, 42, 29, 26, 40]"
1000,"[18, 77, 51, 11, 16, 10, 13, 53, 62, 7]"
